{
  "experiment": "e2",
  "mode": "single_split",
  "augmentation": "adasyn",
  "seed": 456,
  "train_history": {
    "train_loss": [
      0.048511850955470705,
      0.05973626318613028,
      0.05635679224963129,
      0.0559929018722497,
      0.056025759062229855,
      0.05430308999605006,
      0.05275705866587778,
      0.0486160444238731,
      0.04550102555873436,
      0.05007601608677961,
      0.04760950579205266,
      0.047690216020521946,
      0.04379097623962747,
      0.04517449846010619,
      0.04786052612957026
    ],
    "val_auprc": [
      0.1280214784864204,
      0.0017561822790922216,
      0.044828600711576676,
      0.011078124511693231,
      0.3157865066911373,
      0.001523141589350653,
      0.0029412266153563647,
      0.0018663261484013415,
      0.003034844684768939,
      0.001937025269416508,
      0.004743417638462098,
      0.001802626513058345,
      0.002511898553736845,
      0.002323182723907657,
      0.0015494825407351644
    ],
    "val_auroc": [
      0.9094029438084446,
      0.33789435140819735,
      0.8412430718498998,
      0.6558722027577768,
      0.7481041843828627,
      0.2528774276000086,
      0.5766643059211914,
      0.356392880207831,
      0.5821222690192173,
      0.38292405522969225,
      0.6102017543421393,
      0.3490011985347352,
      0.4150797621205647,
      0.43438206929443124,
      0.2663074864539935
    ],
    "epoch_times": [
      376.6116352081299,
      374.1521828174591,
      367.50194478034973,
      381.35574102401733,
      313.41598415374756,
      361.45992732048035,
      369.9774248600006,
      374.999596118927,
      376.2462558746338,
      365.2087879180908,
      313.7583646774292,
      379.793004989624,
      345.77660298347473,
      372.8175687789917,
      330.2456319332123
    ],
    "best_epoch": 5,
    "best_val_auprc": 0.3157865066911373,
    "total_epochs": 15
  },
  "test_metrics": {
    "n_samples": 191299,
    "n_ictal": 729,
    "n_interictal": 190570,
    "auprc": 0.13288098617457042,
    "auroc": 0.5103095125856277,
    "f1_optimal": 0.2828746177365096,
    "threshold_optimal": 0.9999995231628418,
    "sensitivity_at_95spec": 0.3388203017832647,
    "per_patient": {
      "19": {
        "n_ictal": 151,
        "n_total": 49653,
        "auprc": 0.003231468256910089,
        "auroc": 0.2578976004983142
      },
      "21": {
        "n_ictal": 102,
        "n_total": 55771,
        "auprc": 0.05798564939333498,
        "auroc": 0.34227070087587025
      },
      "22": {
        "n_ictal": 215,
        "n_total": 47795,
        "auprc": 0.11703486215500675,
        "auroc": 0.4473201560163055
      },
      "23": {
        "n_ictal": 261,
        "n_total": 38080,
        "auprc": 0.26327886360542463,
        "auroc": 0.7181592621195595
      }
    },
    "per_patient_auprc_mean": 0.11038271085266911,
    "per_patient_auprc_std": 0.09701588205408894
  }
}