{
  "experiment": "e1",
  "mode": "single_split",
  "augmentation": null,
  "seed": 42,
  "train_history": {
    "train_loss": [
      0.17401034754171277,
      0.12207210957300622,
      0.10803816948426616,
      0.09799063002719445,
      0.09195567547018513,
      0.08729747314992886,
      0.08716156520747435,
      0.0820399262206749,
      0.08068444325436396,
      0.0793836317275832,
      0.07563416859772794,
      0.07788324188203317,
      0.0734265241637804
    ],
    "val_auprc": [
      0.4555992216143845,
      0.590473026359465,
      0.613462684314044,
      0.5462327711885672,
      0.5930947266535463,
      0.5626219651035249,
      0.5887048081504186,
      0.6097319095236724,
      0.5697336775788812,
      0.5698608382175836,
      0.6126176238731716,
      0.5896321334014879,
      0.591279304165419
    ],
    "val_auroc": [
      0.979605899104824,
      0.9815278186658392,
      0.9885798269915753,
      0.9706251054802005,
      0.9796619562048878,
      0.9830714470678477,
      0.9874017166481386,
      0.9854529625784607,
      0.9830941966981425,
      0.983184456799002,
      0.9764130010617855,
      0.9632877212672563,
      0.9795455371714034
    ],
    "epoch_times": [
      675.9790842533112,
      753.066029548645,
      670.8214099407196,
      676.2745552062988,
      691.7010455131531,
      682.7543115615845,
      740.2961730957031,
      701.4294593334198,
      709.6840193271637,
      694.35653424263,
      737.9458000659943,
      688.9380717277527,
      680.3260955810547
    ],
    "best_epoch": 3,
    "best_val_auprc": 0.613462684314044,
    "total_epochs": 13
  },
  "test_metrics": {
    "n_samples": 191299,
    "n_ictal": 729,
    "n_interictal": 190570,
    "auprc": 0.1046807882768665,
    "auroc": 0.8266662254230738,
    "f1_optimal": 0.17942386831227722,
    "threshold_optimal": 0.9144110679626465,
    "sensitivity_at_95spec": 0.4828532235939643,
    "per_patient": {
      "19": {
        "n_ictal": 151,
        "n_total": 49653,
        "auprc": 0.016357191827346504,
        "auroc": 0.76739504270481
      },
      "21": {
        "n_ictal": 102,
        "n_total": 55771,
        "auprc": 0.18978138430383867,
        "auroc": 0.9864586514337721
      },
      "22": {
        "n_ictal": 215,
        "n_total": 47795,
        "auprc": 0.207245846328473,
        "auroc": 0.9686999618757148
      },
      "23": {
        "n_ictal": 261,
        "n_total": 38080,
        "auprc": 0.13303462040252248,
        "auroc": 0.6812421415617583
      }
    },
    "per_patient_auprc_mean": 0.13660476071554517,
    "per_patient_auprc_std": 0.07464941392636784
  }
}