{
  "experiment": "e2",
  "mode": "single_split",
  "augmentation": "adasyn",
  "seed": 123,
  "train_history": {
    "train_loss": [
      0.050339830445434594,
      0.05589161362478453,
      0.05214321910927243,
      0.0466988500634121,
      0.047776756346811514,
      0.060136342050937625,
      0.05206673565297597,
      0.05380124063527315,
      0.045469717111576144,
      0.04432443167330791,
      0.04463530281245628,
      0.044222804643751494
    ],
    "val_auprc": [
      0.2273477706337875,
      0.37199008415421264,
      0.30419083149805526,
      0.013743413571133319,
      0.32138900094069006,
      0.0019070295217115986,
      0.001866675068386055,
      0.0018197443406775089,
      0.0019643319712025265,
      0.0019685866756419023,
      0.002031536982091111,
      0.002145540471312324
    ],
    "val_auroc": [
      0.9022656557912436,
      0.8368385203275959,
      0.7210194140757304,
      0.49216251669733313,
      0.5984630865095855,
      0.34658810377212435,
      0.36150873474254724,
      0.3484701015026288,
      0.3889987878280554,
      0.39100454166203585,
      0.40747703363548554,
      0.43500457333555426
    ],
    "epoch_times": [
      376.16838908195496,
      285.6070716381073,
      278.77683329582214,
      322.71817231178284,
      300.2392609119415,
      334.5343544483185,
      266.3768434524536,
      373.67745995521545,
      343.62812209129333,
      329.7238988876343,
      339.0251305103302,
      360.73895478248596
    ],
    "best_epoch": 2,
    "best_val_auprc": 0.37199008415421264,
    "total_epochs": 12
  },
  "test_metrics": {
    "n_samples": 191299,
    "n_ictal": 729,
    "n_interictal": 190570,
    "auprc": 0.008231386251636306,
    "auroc": 0.5915843581809621,
    "f1_optimal": 0.027997886951617198,
    "threshold_optimal": 0.9999994039535522,
    "sensitivity_at_95spec": 0.18244170096021947,
    "per_patient": {
      "19": {
        "n_ictal": 151,
        "n_total": 49653,
        "auprc": 0.007250987099231822,
        "auroc": 0.5326137735822299
      },
      "21": {
        "n_ictal": 102,
        "n_total": 55771,
        "auprc": 0.0019696422708039194,
        "auroc": 0.5493489353563552
      },
      "22": {
        "n_ictal": 215,
        "n_total": 47795,
        "auprc": 0.14289415198578134,
        "auroc": 0.8284935530856232
      },
      "23": {
        "n_ictal": 261,
        "n_total": 38080,
        "auprc": 0.06598852560197403,
        "auroc": 0.5501645314205321
      }
    },
    "per_patient_auprc_mean": 0.05452582673944778,
    "per_patient_auprc_std": 0.056871384194876536
  }
}