{
  "experiment": "e1",
  "mode": "single_split",
  "augmentation": null,
  "seed": 456,
  "train_history": {
    "train_loss": [
      0.17276021988793924,
      0.12318351118283856,
      0.10794240444323908,
      0.10063328723932348,
      0.09235992182844148,
      0.08993851391656538,
      0.08563747979111674,
      0.08209940659516321,
      0.08082956986495204,
      0.07990756055076312,
      0.07943039575536216,
      0.07923273553459874,
      0.07567229263827903,
      0.07599351144133178,
      0.07754161392106068,
      0.07532918562314013,
      0.07534895662842635,
      0.07689398391228598,
      0.07495337481329165,
      0.0749326178543816
    ],
    "val_auprc": [
      0.5506681929948481,
      0.49694214623136446,
      0.5015629909760404,
      0.6266079803621684,
      0.6375279434306971,
      0.6120099377076333,
      0.6443871366142457,
      0.6428980751720617,
      0.6485099596819599,
      0.6904097724878901,
      0.6641297845819558,
      0.610175380319176,
      0.6686609566678483,
      0.6233374373903516,
      0.6508372269939982,
      0.6393670977138467,
      0.6411102005820488,
      0.6871219007436778,
      0.6298339168057858,
      0.66751075476954
    ],
    "val_auroc": [
      0.9862509592786959,
      0.9711058013976757,
      0.972253557952625,
      0.9867814907122592,
      0.9799295157379837,
      0.983778225291914,
      0.9654213789273631,
      0.9708934191446874,
      0.9443249931743254,
      0.9768547021019182,
      0.9802435800401909,
      0.9150529276119019,
      0.9545200011827293,
      0.9579884085606105,
      0.9629089901982715,
      0.9675995303395386,
      0.9412993551893808,
      0.9810749784766188,
      0.9677198142964019,
      0.9580396109398447
    ],
    "epoch_times": [
      770.6431541442871,
      711.6691555976868,
      721.1907641887665,
      737.3956406116486,
      760.0461592674255,
      698.1667172908783,
      686.2454912662506,
      724.516354560852,
      762.4315538406372,
      712.0170276165009,
      696.8280112743378,
      707.5331254005432,
      700.5611991882324,
      761.579329252243,
      676.9931397438049,
      697.5314652919769,
      732.4920222759247,
      754.130696773529,
      696.4557199478149,
      692.6508617401123
    ],
    "best_epoch": 10,
    "best_val_auprc": 0.6904097724878901,
    "total_epochs": 20
  },
  "test_metrics": {
    "n_samples": 191299,
    "n_ictal": 729,
    "n_interictal": 190570,
    "auprc": 0.23553851613656102,
    "auroc": 0.9056699189846531,
    "f1_optimal": 0.3535502958574912,
    "threshold_optimal": 0.8455830216407776,
    "sensitivity_at_95spec": 0.7064471879286695,
    "per_patient": {
      "19": {
        "n_ictal": 151,
        "n_total": 49653,
        "auprc": 0.02788823490935314,
        "auroc": 0.7977098256248126
      },
      "21": {
        "n_ictal": 102,
        "n_total": 55771,
        "auprc": 0.3727585619601733,
        "auroc": 0.9868261950274011
      },
      "22": {
        "n_ictal": 215,
        "n_total": 47795,
        "auprc": 0.3875982595678856,
        "auroc": 0.9811353216614368
      },
      "23": {
        "n_ictal": 261,
        "n_total": 38080,
        "auprc": 0.3547108947246707,
        "auroc": 0.8774431631853234
      }
    },
    "per_patient_auprc_mean": 0.2857389877905207,
    "per_patient_auprc_std": 0.14932502489803973
  }
}