{
  "experiment": "e1",
  "mode": "single_split",
  "augmentation": null,
  "seed": 123,
  "train_history": {
    "train_loss": [
      0.1673962851959906,
      0.12082267386108451,
      0.10446115400412777,
      0.09816972218287383,
      0.09322303012228297,
      0.0895694093380851,
      0.08489191919662797,
      0.08522574905132593,
      0.0807887505915831,
      0.07822098725132236,
      0.07658927647583141,
      0.07742712165136383,
      0.0767853305940607,
      0.07467650497538338,
      0.07519525442885536,
      0.07391817129798375,
      0.07603390829364144,
      0.07203137859591126
    ],
    "val_auprc": [
      0.5288512157698747,
      0.5268232071257118,
      0.6079536292766532,
      0.5746030858276235,
      0.6015353177450478,
      0.5725456801655536,
      0.5863172964915673,
      0.6398439335493197,
      0.5272110443178717,
      0.6010605155268194,
      0.6114340593407588,
      0.5510645247805677,
      0.48255330072339125,
      0.5988651063516417,
      0.4615145947367923,
      0.5577763294388963,
      0.5586927893264155,
      0.6090395850535681
    ],
    "val_auroc": [
      0.9861881778403958,
      0.985220470155046,
      0.9889307337544465,
      0.9805090185787495,
      0.9778471704346056,
      0.9847947944069719,
      0.961631585888354,
      0.9696742086404415,
      0.9366865377145979,
      0.9667561914894198,
      0.9531847329996239,
      0.9615055516796345,
      0.9359463734654094,
      0.977001569190314,
      0.8917328440528869,
      0.9698391434600798,
      0.964818388035982,
      0.9610146435662394
    ],
    "epoch_times": [
      693.5876803398132,
      809.233794927597,
      748.7222740650177,
      732.9764685630798,
      730.7442147731781,
      730.0304613113403,
      813.4965252876282,
      727.6819632053375,
      713.410941362381,
      732.255124092102,
      766.2399117946625,
      728.7583727836609,
      735.1026871204376,
      733.7770013809204,
      809.1847882270813,
      722.1085257530212,
      724.7826454639435,
      736.3207149505615
    ],
    "best_epoch": 8,
    "best_val_auprc": 0.6398439335493197,
    "total_epochs": 18
  },
  "test_metrics": {
    "n_samples": 191299,
    "n_ictal": 729,
    "n_interictal": 190570,
    "auprc": 0.18956592974785116,
    "auroc": 0.8977831684356361,
    "f1_optimal": 0.3280662151989028,
    "threshold_optimal": 0.6977577209472656,
    "sensitivity_at_95spec": 0.663923182441701,
    "per_patient": {
      "19": {
        "n_ictal": 151,
        "n_total": 49653,
        "auprc": 0.03072975338280833,
        "auroc": 0.772678660919714
      },
      "21": {
        "n_ictal": 102,
        "n_total": 55771,
        "auprc": 0.4750404758523762,
        "auroc": 0.9772811565841375
      },
      "22": {
        "n_ictal": 215,
        "n_total": 47795,
        "auprc": 0.28037294215964853,
        "auroc": 0.9669001045973978
      },
      "23": {
        "n_ictal": 261,
        "n_total": 38080,
        "auprc": 0.2407263818289658,
        "auroc": 0.8712395875535003
      }
    },
    "per_patient_auprc_mean": 0.2567173883059497,
    "per_patient_auprc_std": 0.15775826381701197
  }
}