{
  "experiment": "e2",
  "mode": "single_split",
  "augmentation": "adasyn",
  "seed": 42,
  "train_history": {
    "train_loss": [
      0.04899487140155754,
      0.05600223533460075,
      0.055650668929524263,
      0.056482472189240414,
      0.05572261004653627,
      0.056270286138120316,
      0.052249954350710046,
      0.04944300611876016,
      0.05003098257009715,
      0.044476081613311624,
      0.0457782456333843,
      0.0483161916574291,
      0.04478261106936092,
      0.041442968952678044,
      0.04302548762261965,
      0.04723735320243134,
      0.047838696301437555
    ],
    "val_auprc": [
      0.001676384406075259,
      0.004505923315196726,
      0.005401039756235537,
      0.01627882310526879,
      0.01202326802210913,
      0.004247429751694071,
      0.22955060412701828,
      0.0016328252009631772,
      0.001725087830717484,
      0.004561187256131028,
      0.002110434986020897,
      0.002453791722268776,
      0.002296602747081392,
      0.0017424645741423047,
      0.0017385112481030749,
      0.0018145239867908992,
      0.003833967989843939
    ],
    "val_auroc": [
      0.3104604025559649,
      0.5141473792064545,
      0.3333266561283089,
      0.8026418196712848,
      0.4364024187130415,
      0.32331246683196596,
      0.5678681959320079,
      0.29759972861325007,
      0.3226923822957224,
      0.4469508786777613,
      0.4336147720262376,
      0.49714182631706766,
      0.4699698909899932,
      0.3041210169725753,
      0.3214180573556515,
      0.3383245519446173,
      0.5885211367160714
    ],
    "epoch_times": [
      378.55422496795654,
      292.9968614578247,
      279.457129240036,
      291.5626254081726,
      294.0470073223114,
      246.0184142589569,
      275.3451340198517,
      269.00906705856323,
      316.8456439971924,
      312.77946758270264,
      266.46803283691406,
      264.18495082855225,
      243.97608160972595,
      325.39634561538696,
      248.08220982551575,
      255.22172045707703,
      282.6377477645874
    ],
    "best_epoch": 7,
    "best_val_auprc": 0.22955060412701828,
    "total_epochs": 17
  },
  "test_metrics": {
    "n_samples": 191299,
    "n_ictal": 729,
    "n_interictal": 190570,
    "auprc": 0.18221119771464697,
    "auroc": 0.5656075236855315,
    "f1_optimal": 0.38732394366151196,
    "threshold_optimal": 1.0,
    "sensitivity_at_95spec": 0.3991769547325103,
    "per_patient": {
      "19": {
        "n_ictal": 151,
        "n_total": 49653,
        "auprc": 0.0030122242034074953,
        "auroc": 0.3400029860322722
      },
      "21": {
        "n_ictal": 102,
        "n_total": 55771,
        "auprc": 0.460750100549075,
        "auroc": 0.6091997200540026
      },
      "22": {
        "n_ictal": 215,
        "n_total": 47795,
        "auprc": 0.14172186761988234,
        "auroc": 0.44706917113893857
      },
      "23": {
        "n_ictal": 261,
        "n_total": 38080,
        "auprc": 0.2977791396914652,
        "auroc": 0.7210288489466715
      }
    },
    "per_patient_auprc_mean": 0.2258158330159575,
    "per_patient_auprc_std": 0.171089209686736
  }
}